spearman_r,spearman_p,kendall_tau,kendall_p,spearman_crimes_vs_imd,spearman_crimes_vs_imd_p
0.7392857142857142,0.0016355111435407642,0.561904761904762,0.0028582293753424705,0.7392857142857142,0.0016355111435407642
