fold,accuracy
Fold 1,0.905229
Fold 2,0.928105
Fold 3,0.904918
Fold 4,0.901639
Fold 5,0.934426
